id,match_id,team1_name,team2_name,team1_players,team2_players,winner,created_at,updated_at,updated_by
6,PICFGJ,Wuss Squad,Dried peen,"[""S I L E N T"",""4444"",""TSM Meat Shark#NA1"",""CuteDistraction"",""Unkie Driller""]","[""yo broskie what the fuck?"",""David"",""luvgramy"",""Biiipu"",""Ign: Wreckboy""]",,2025-05-25 06:25:41.10991+00,,
7,3GM8K5,Dried peen,My name is Ross,"[""luvgramy"",""David"",""yo broskie what the fuck?"",""Ign: Wreckboy"",""Biiipu""]","[""S I L E N T"",""TSM Meat Shark#NA1"",""CuteDistraction"",""4444"",""Unkie Driller""]",team1,2025-05-25 07:02:28.47873+00,2025-05-25 07:06:30.719902+00,Quixxy#qte
8,NM320B,Twasen and bumble,Marc Carney's butt,"[""David"",""Unkie Driller"",""S I L E N T"",""CuteDistraction"",""Biiipu""]","[""luvgramy"",""Ign: Wreckboy"",""yo broskie what the fuck?"",""4444"",""TSM Meat Shark#NA1""]",,2025-05-25 07:03:16.106836+00,,
9,5W9ZQL,Dried peen,My name is Ross,"[""David"",""Unkie Driller"",""4444"",""Biiipu"",""CuteDistraction""]","[""Ign: Wreckboy"",""luvgramy"",""yo broskie what the fuck?"",""TSM Meat Shark#NA1"",""S I L E N T""]",team1,2025-05-25 07:04:07.724591+00,2025-05-25 07:56:13.94265+00,4444
10,3BIT5T,David's Coochies,Driller Drug overdose,"[""Retribution"",""S I L E N T"",""TSM Meat Shark#NA1"",""luvgramy"",""Unkie Driller""]","[""CuteDistraction"",""David"",""4444"",""yo broskie what the fuck?"",""Ign: Wreckboy""]",team1,2025-05-25 07:53:02.822646+00,2025-05-25 08:45:36.287279+00,Quixxy#qte
11,H9D0VC,Shaved bootyhole,We are racist,"[""Vizinachi"",""4444"",""S I L E N T"",""TSM Meat Shark#NA1"",""Ign: Wreckboy""]","[""Retribution"",""luvgramy"",""Striker"",""CuteDistraction"",""David""]",team1,2025-05-25 08:33:56.833522+00,2025-05-25 09:19:41.378455+00,Quixxy#qte
12,Q1H4FM,Autotune's cousin,RIP Solace,"[""Ign: Wreckboy"",""Vizinachi"",""Striker"",""CuteDistraction"",""4444""]","[""Brandon"",""David"",""Retribution"",""TSM Meat Shark#NA1"",""S I L E N T""]",team2,2025-05-25 09:19:20.907132+00,2025-05-25 10:15:06.319607+00,S I L E N T
13,PBRV5H,Twasen and bumble,Marc Carney's butt,"[""Vizinachi"",""Sable"",""ryuuto"",""Ign: Wreckboy"",""4444""]","[""David"",""Retribution"",""luvgramy"",""Unkie Driller"",""TSM Meat Shark#NA1""]",,2025-05-26 07:46:01.393001+00,,
14,CCHNM3,Dried peen,My name is Ross,"[""Vizinachi"",""Sable"",""luvgramy"",""Unkie Driller"",""Fighter""]","[""TSM Meat Shark#NA1"",""Retribution"",""David"",""ryuuto"",""Ign: Wreckboy""]",team1,2025-05-26 07:47:52.204856+00,2025-05-26 20:17:38.771956+00,Quixxy#qte
15,VPLI7P,Driller Drug overdose,Austin's Python,"[""luvgramy"",""Vizinachi"",""ryuuto"",""Unkie Driller"",""Sable""]","[""David"",""TSM Meat Shark#NA1"",""Ign: Wreckboy"",""slim7o4"",""Fighter""]",team2,2025-05-26 08:47:01.169697+00,2025-05-26 20:17:44.619741+00,Quixxy#qte
16,F1SE6D,Driller Drug overdose,Austin's Python,"[""luvgramy"",""Vizinachi"",""ryuuto"",""4444"",""CuteDistraction""]","[""David"",""Unkie Driller"",""TSM Meat Shark#NA1"",""Eli"",""S I L E N T""]",,2025-05-27 06:23:39.842549+00,,
17,2QBMHL,Chinese Tariffs,Shaved bootyhole,"[""Ign: Wreckboy"",""Vizinachi"",""luvgramy"",""S I L E N T"",""TSM Meat Shark#NA1""]","[""ryuuto"",""David"",""CuteDistraction"",""4444"",""Eli""]",team1,2025-05-27 06:31:40.232403+00,2025-05-27 07:14:21.515798+00,4444
18,5823K6,Marc Carney's butt,Autotune's cousin,"[""David"",""ryuuto"",""CuteDistraction"",""Vizinachi"",""TSM Meat Shark#NA1""]","[""luvgramy"",""Ign: Wreckboy"",""4444"",""Sable"",""Unkie Driller""]",team1,2025-05-27 07:17:03.491873+00,2025-05-27 08:10:14.241546+00,S I L E N T
19,9NV5K9,Driller Drug overdose,Austin's Python,"[""luvgramy"",""ryuuto"",""Vizinachi"",""CuteDistraction"",""TSM Meat Shark#NA1""]","[""David"",""Sable"",""Unkie Driller"",""S I L E N T"",""Ign: Wreckboy""]",,2025-05-27 08:11:59.807725+00,,
20,TUA8ZB,Austin's Python,Twasen and bumble,"[""David"",""Unkie Driller"",""S I L E N T"",""ryuuto"",""Sable""]","[""luvgramy"",""Vizinachi"",""CuteDistraction"",""TSM Meat Shark#NA1"",""Ign: Wreckboy""]",team1,2025-05-27 08:12:58.459948+00,2025-05-27 08:54:15.598238+00,S I L E N T
21,PHW0JO,Chinese Tariffs,Shaved bootyhole,"[""variableman#000"",""Tsawwassen"",""David"",""lucy"",""Unkie Driller""]","[""catattack64"",""Vizinachi"",""Sable"",""Ign: Wreckboy"",""HerbaThea""]",team2,2025-05-28 03:08:24.059749+00,2025-05-28 03:53:02.509382+00,Ign: Wreckboy
22,S5T89G,Chinese Tariffs,Shaved bootyhole,"[""way"",""S I L E N T"",""lucy"",""VoltaicViper09"",""catattack64""]","[""David"",""variableman#000"",""Vizinachi"",""Ign: Wreckboy"",""Tsawwassen""]",team1,2025-05-28 03:54:02.69364+00,2025-05-28 04:34:11.859084+00,S I L E N T
23,8CBGIY,RIP Solace,Silent is _____,"[""Zeitoun (Nabil) (He/Him)"",""dunk"",""ryuuto"",""David"",""luvgramy""]","[""4444"",""S I L E N T"",""Ign: Wreckboy"",""Sable"",""Unkie Driller""]",team2,2025-05-28 09:50:13.399421+00,2025-05-28 10:26:35.450401+00,S I L E N T
24,R573I3,Chinese Tariffs,Shaved bootyhole,"[""luvgramy"",""David"",""dunk"",""Unkie Driller"",""Ign: Wreckboy""]","[""Sable"",""4444"",""Tranquility"",""Cameron"",""Lumpia""]",team1,2025-05-28 10:35:53.864723+00,2025-05-28 11:17:08.523525+00,Ign: Wreckboy
25,CHD5Z9,Masala Party,Chinese Tariffs,"[""luvgramy"",""Tranquility"",""Unkie Driller"",""4444"",""Domo""]","[""dunk"",""Ign: Wreckboy"",""Cameron"",""Wilson"",""‚™©ùò∫ùò∂ùòØùò∞‚™®""]",team1,2025-05-28 11:28:56.864591+00,2025-05-28 12:13:53.9026+00,4444
26,RGMG3Y,Masala Party,Chinese Tariffs,"[""luvgramy"",""Tranquility"",""dunk"",""Cameron"",""Wilson""]","[""Unkie Driller"",""4444"",""Domo"",""‚™©ùò∫ùò∂ùòØùò∞‚™®"",""Lumi""]",team1,2025-05-28 12:23:16.919834+00,2025-05-28 13:05:35.91874+00,4444
27,HGXT90,Dried peen,My name is Ross,"[""variableman#000"",""Vizinachi"",""ryuuto"",""Blackman"",""Unkie Driller""]","[""Eli"",""Draxx"",""CyaNoobK0"",""Osaucejones"",""Rhapthorn2""]",team2,2025-05-29 06:31:32.534723+00,2025-05-29 07:40:07.212446+00,S I L E N T
28,A2FJK3,Shaved bootyhole,We are racist,"[""David"",""CyaNoobK0"",""Vizinachi"",""ryuuto"",""Rhapthorn2""]","[""variableman#000"",""Eli"",""Unkie Driller"",""Blackman"",""TSM Meat Shark#NA1""]",team2,2025-05-29 07:02:22.887309+00,2025-05-29 08:10:30.277792+00,S I L E N T
29,FDDCUQ,Wuss Squad,Dried peen,"[""S I L E N T"",""Draxx"",""CyaNoobK0"",""Rhapthorn2"",""CuteDistraction""]","[""Vizinachi"",""David"",""luvgramy"",""ryuuto"",""Osaucejones""]",,2025-05-29 07:40:06.994447+00,,
30,AFJFCD,Twasen and bumble,Marc Carney's butt,"[""CuteDistraction"",""S I L E N T"",""Vizinachi"",""CyaNoobK0"",""Osaucejones""]","[""Unkie Driller"",""David"",""Rhapthorn2"",""variableman#000"",""4444""]",,2025-05-29 08:05:50.823868+00,,
31,0V2L0C,Silent is _____,Wuss Squad,"[""luvgramy"",""S I L E N T"",""David"",""Rhapthorn2"",""ryuuto""]","[""4444"",""Vizinachi"",""CyaNoobK0"",""CuteDistraction"",""TSM Meat Shark#NA1""]",,2025-05-29 08:06:14.782645+00,,
32,1UG5FM,Silent is _____,Wuss Squad,"[""luvgramy"",""S I L E N T"",""David"",""Rhapthorn2"",""ryuuto""]","[""4444"",""Vizinachi"",""CyaNoobK0"",""CuteDistraction"",""TSM Meat Shark#NA1""]",,2025-05-29 08:06:14.99542+00,,
33,JXZM28,Driller Drug overdose,Austin's Python,"[""luvgramy"",""S I L E N T"",""David"",""Rhapthorn2"",""ryuuto""]","[""4444"",""Vizinachi"",""CyaNoobK0"",""CuteDistraction"",""TSM Meat Shark#NA1""]",team1,2025-05-29 08:06:15.142947+00,2025-05-29 08:49:01.666645+00,S I L E N T
34,OUJ4AJ,Wuss Squad,Dried peen,"[""Tranquility"",""luvgramy"",""David"",""Vizinachi"",""ryuuto""]","[""CyaNoobK0"",""S I L E N T"",""4444"",""CuteDistraction"",""Sable""]",team1,2025-05-29 08:49:24.071095+00,2025-05-29 22:32:53.517467+00,4444
35,DWBAFP,Austin's Python,Twasen and bumble,"[""luvgramy"",""CuteDistraction"",""way"",""4444"",""Vizinachi""]","[""Matthias H"",""Unkie Driller"",""Tranquility"",""institutional"",""Striker""]",team2,2025-05-29 09:57:33.582591+00,2025-05-29 22:24:38.76063+00,Tsawwassen
36,UMP2OA,Masala Party,Chinese Tariffs,"[""David"",""way"",""Zeitoun (Nabil) (He/Him)"",""kazoo"",""TSM Meat Shark#NA1""]","[""Unkie Driller"",""Ign: Wreckboy"",""Retribution"",""luvgramy"",""S I L E N T""]",team1,2025-05-30 04:56:28.772812+00,2025-05-30 05:48:39.400827+00,Ign: Wreckboy
37,3MIMVP,Autotune's cousin,RIP Solace,"[""S I L E N T"",""CuteDistraction"",""TSM Meat Shark#NA1"",""luvgramy"",""way""]","[""Zeitoun (Nabil) (He/Him)"",""David"",""Matthias H"",""Retribution"",""kazoo""]",,2025-05-30 05:45:55.257252+00,,
38,DUQG3K,Austin's Python,Twasen and bumble,"[""luvgramy"",""Jordan"",""Zeitoun (Nabil) (He/Him)"",""way"",""Matthias H""]","[""S I L E N T"",""Retribution"",""David"",""TSM Meat Shark#NA1"",""CuteDistraction""]",team2,2025-05-30 06:16:57.25001+00,2025-05-30 06:50:42.544087+00,S I L E N T
39,ANPKSC,Austin's Python,Twasen and bumble,"[""Matthias H"",""way"",""CuteDistraction"",""Zeitoun (Nabil) (He/Him)"",""S I L E N T""]","[""Retribution"",""TSM Meat Shark#NA1"",""Draxx"",""David"",""Jordan""]",team1,2025-05-30 06:50:58.527484+00,2025-05-30 07:45:03.534263+00,S I L E N T
40,M4IB5D,Wuss Squad,Dried peen,"[""Vizinachi"",""4444"",""Ign: Wreckboy"",""Matthias H"",""CuteDistraction""]","[""Draxx"",""Jordan"",""Zeitoun (Nabil) (He/Him)"",""TSM Meat Shark#NA1"",""luvgramy""]",team1,2025-05-30 07:37:27.088949+00,2025-05-30 08:22:00.733937+00,Ign: Wreckboy
41,XU7BII,We are racist,David's Coochies,"[""Vizinachi"",""luvgramy"",""David"",""CuteDistraction"",""Ign: Wreckboy""]","[""Zeitoun (Nabil) (He/Him)"",""Matthias H"",""TSM Meat Shark#NA1"",""4444"",""Draxx""]",team2,2025-05-30 08:21:01.301369+00,2025-05-30 08:21:27.75792+00,4444
42,GIXILM,Wuss Squad,Dried peen,"[""luvgramy"",""Draxx"",""Matthias H"",""Vizinachi"",""Zeitoun (Nabil) (He/Him)""]","[""4444"",""TSM Meat Shark#NA1"",""CuteDistraction"",""David"",""Ign: Wreckboy""]",,2025-05-30 08:24:28.429734+00,,
43,CVVLKT,Autotune's cousin,RIP Solace,"[""Vizinachi"",""CuteDistraction"",""luvgramy"",""David"",""Rhapthorn2""]","[""Matthias H"",""TSM Meat Shark#NA1"",""4444"",""Ign: Wreckboy"",""S I L E N T""]",team1,2025-05-30 08:37:13.708593+00,2025-05-30 09:20:28.217499+00,4444
44,FFH5UL,RIP Solace,Silent is _____,"[""S I L E N T"",""Ign: Wreckboy"",""xtoads6"",""TSM Meat Shark#NA1"",""Tsawwassen""]","[""Clown"",""Vizinachi"",""nicolevico"",""UnagiRoll"",""Unkie Driller""]",team1,2025-06-01 05:41:09.479506+00,2025-06-01 06:27:58.880228+00,S I L E N T
45,V4Z5I8,We are racist,David's Coochies,"[""Vizinachi"",""xtoads6"",""CuteDistraction"",""TSM Meat Shark#NA1"",""Clown""]","[""S I L E N T"",""Ign: Wreckboy"",""Matthias H"",""ekko"",""Ledge""]",team2,2025-06-01 06:32:52.48304+00,2025-06-01 07:22:47.630971+00,S I L E N T
46,PWDG91,We are racist,David's Coochies,"[""luvgramy"",""David"",""4444"",""Sable"",""Matthias H""]","[""CuteDistraction"",""xtoads6"",""TSM Meat Shark#NA1"",""Vizinachi"",""Clown""]",,2025-06-01 07:22:14.737416+00,,
47,IKS5PC,RIP Solace,Silent is _____,"[""Ign: Wreckboy"",""Hoho"",""Striker"",""Matthias H"",""Sable""]","[""luvgramy"",""David"",""TSM Meat Shark#NA1"",""CuteDistraction"",""Tsawwassen""]",team2,2025-06-01 08:06:28.580888+00,2025-06-01 09:05:06.210887+00,Tsawwassen
48,6D42SN,Marc Carney's butt,Autotune's cousin,"[""jiffy"",""Vizinachi"",""David"",""ekko"",""Rockstar wolf""]","[""S I L E N T"",""Ign: Wreckboy"",""Matthias H"",""4444"",""luvgramy""]",team1,2025-06-02 06:39:05.756396+00,2025-06-02 07:50:07.95857+00,S I L E N T
49,804NRR,RIP Solace,Silent is _____,"[""luvgramy"",""Vizinachi"",""David"",""jiffy"",""ekko""]","[""Matthias H"",""S I L E N T"",""4444"",""Rhapthorn2"",""TSM Meat Shark#NA1""]",team2,2025-06-02 07:12:13.923741+00,2025-06-02 07:49:35.766773+00,S I L E N T
50,F3TYOV,Driller Drug overdose,Austin's Python,"[""Vizinachi"",""Sable"",""Bendover"",""TSM Meat Shark#NA1"",""lucy""]","[""David"",""giodude"",""¬∫√árƒô8√≠vƒô√üƒôƒÖ≈°≈Ç ≈É√Ö #NA1"",""Ign: Wreckboy"",""luvgramy""]",,2025-06-03 02:59:21.643454+00,,
51,B4YGWA,Chinese Tariffs,Shaved bootyhole,"[""luvgramy"",""David"",""lucy"",""Rhapthorn2"",""giodude""]","[""Vizinachi"",""Driller"",""¬∫√árƒô8√≠vƒô√üƒôƒÖ≈°≈Ç ≈É√Ö #NA1"",""Ign: Wreckboy"",""jiffy""]",,2025-06-03 04:05:25.101053+00,,
52,EJHUMG,Chinese Tariffs,Shaved bootyhole,"[""Vizinachi"",""giodude"",""lucy"",""¬∫√árƒô8√≠vƒô√üƒôƒÖ≈°≈Ç ≈É√Ö #NA1"",""jiffy""]","[""David"",""Driller"",""Ign: Wreckboy"",""luvgramy"",""Rhapthorn2""]",,2025-06-03 04:12:20.929198+00,,
53,ORG8ZC,Dried peen,My name is Ross,"[""Vizinachi"",""David"",""lucy"",""Ign: Wreckboy"",""Driller""]","[""¬∫√árƒô8√≠vƒô√üƒôƒÖ≈°≈Ç ≈É√Ö #NA1"",""jiffy"",""Rhapthorn2"",""luvgramy"",""giodude""]",,2025-06-03 04:13:26.72487+00,,
54,QZIZ1X,David's Coochies,Driller Drug overdose,"[""TSM Meat Shark#NA1"",""CuteDistraction"",""S I L E N T"",""luvgramy"",""Brandon""]","[""Ign: Wreckboy"",""naehero"",""4444"",""Vizinachi"",""Myyst""]",team1,2025-06-03 06:09:26.531762+00,2025-06-03 07:20:35.545333+00,S I L E N T
55,KNFRF1,Masala Party,Chinese Tariffs,"[""David"",""Myyst"",""4444"",""Brandon"",""luvgramy""]","[""Vizinachi"",""S I L E N T"",""CuteDistraction"",""TSM Meat Shark#NA1"",""naehero""]",team2,2025-06-03 06:41:16.080814+00,2025-06-03 07:20:38.756843+00,S I L E N T
56,OHYSU2,Wuss Squad,Dried peen,"[""Vizinachi"",""4444"",""CuteDistraction"",""Ign: Wreckboy"",""Zylith""]","[""TSM Meat Shark#NA1"",""CyaNoobK0"",""S I L E N T"",""David"",""President Rakan""]",,2025-06-04 07:58:34.625803+00,,
57,Y6I3WE,Shaved bootyhole,We are racist,"[""David"",""two arms swole"",""Vizinachi"",""CuteDistraction"",""S I L E N T""]","[""EV"",""Changed \""Driller\"" Man"",""TSM Meat Shark#NA1"",""Zeitoun (Nabil) (He/Him)"",""Retribution""]",,2025-06-05 07:10:55.363693+00,,
58,3XZ9Q9,Austin's Python,Twasen and bumble,"[""4444"",""Zeitoun (Nabil) (He/Him)"",""Vizinachi"",""CuteDistraction"",""Changed \""Driller\"" Man""]","[""David"",""TSM Meat Shark#NA1"",""Ky"",""S I L E N T"",""Retribution""]",team1,2025-06-05 07:54:53.876501+00,2025-06-05 08:44:39.248731+00,4444
59,4UOPVV,David's Coochies,Driller Drug overdose,"[""David"",""Zeitoun (Nabil) (He/Him)"",""Sable"",""CuteDistraction"",""4444""]","[""Vizinachi"",""cammioo."",""S I L E N T"",""TSM Meat Shark#NA1"",""Changed \""Driller\"" Man""]",team2,2025-06-05 08:45:37.326264+00,2025-06-05 09:30:47.396994+00,S I L E N T
60,J0FKIT,David's Coochies,Driller Drug overdose,"[""Titanic Crayfish"",""softshrimp"",""a√§, √∂ÁéÑÁ±≥„Å£„Å¶ÁæéÂë≥„Åó„ÅÑÔºÅ"",""Blackman"",""EV""]","[""YV"",""Vizinachi"",""Driller"",""BigPapa"",""Rev. Dank""]",,2025-06-06 04:30:31.671039+00,,
61,FULF0X,We are racist,David's Coochies,"[""Titanic Crayfish"",""softshrimp"",""a√§, √∂ÁéÑÁ±≥„Å£„Å¶ÁæéÂë≥„Åó„ÅÑÔºÅ"",""Blackman"",""EV""]","[""Vizinachi"",""YV"",""Rev. Dank"",""BigPapa"",""Driller""]",,2025-06-06 04:30:54.107632+00,,
62,4ZJKHU,Wuss Squad,Dried peen,"[""StrangeUnit"",""Blackman"",""BigPapa"",""a√§, √∂ÁéÑÁ±≥„Å£„Å¶ÁæéÂë≥„Åó„ÅÑÔºÅ"",""EV""]","[""softshrimp"",""Vizinachi"",""YV"",""Driller"",""Rev. Dank""]",team1,2025-06-06 04:34:30.042393+00,2025-06-06 05:24:25.479669+00,TSM Meat Shark#NA1
63,2R9EOL,Marc Carney's butt,Autotune's cousin,"[""Retro"",""david \""Vyrenn\"" wet dreamer"",""Blackman"",""Vizinachi"",""Zylith""]","[""YV"",""Rev. Dank"",""Rhapthorn2"",""StrangeUnit"",""softshrimp""]",team2,2025-06-06 05:21:23.557615+00,2025-06-06 06:12:56.792172+00,TSM Meat Shark#NA1
64,73CB2T,Twasen and bumble,Marc Carney's butt,"[""Beau"",""David"",""S I L E N T"",""Blackman"",""CuteDistraction""]","[""Vizinachi"",""Zylith"",""a√§, √∂ÁéÑÁ±≥„Å£„Å¶ÁæéÂë≥„Åó„ÅÑÔºÅ"",""StrangeUnit"",""softshrimp""]",team1,2025-06-06 06:10:42.173175+00,2025-06-06 07:03:49.812359+00,S I L E N T
65,YWZC04,Wuss Squad,Dried peen,"[""Beau"",""David"",""S I L E N T"",""Blackman"",""CuteDistraction""]","[""Vizinachi"",""Zylith"",""a√§, √∂ÁéÑÁ±≥„Å£„Å¶ÁæéÂë≥„Åó„ÅÑÔºÅ"",""StrangeUnit"",""softshrimp""]",team1,2025-06-06 06:10:42.347991+00,2025-06-06 07:03:26.387386+00,S I L E N T
66,Z2HIAQ,My name is Ross,Masala Party,"[""Beau"",""Vizinachi"",""Zylith"",""softshrimp"",""Ign: Wreckboy""]","[""David"",""CuteDistraction"",""TSM Meat Shark#NA1"",""4444"",""Ky""]",team1,2025-06-06 07:11:46.446653+00,2025-06-06 09:26:59.782066+00,4444
67,MINO95,Wuss Squad,Dried peen,"[""Striker"",""tozaki"",""softshrimp"",""CuteDistraction"",""Ign: Wreckboy""]","[""Vizinachi"",""Zylith"",""Beau"",""David"",""TSM Meat Shark#NA1""]",team1,2025-06-06 07:54:03.100571+00,2025-06-06 08:46:45.503076+00,Ign: Wreckboy
68,DSTJ41,Wuss Squad,Dried peen,"[""Ign: Wreckboy"",""Sable"",""Vizinachi"",""Beau"",""David""]","[""Driller"",""CuteDistraction"",""tozaki"",""4444"",""TSM Meat Shark#NA1""]",team2,2025-06-06 08:46:37.553555+00,2025-06-06 09:26:02.409993+00,TSM Meat Shark#NA1
69,ZCIEQH,RIP Solace,Silent is _____,"[""Ign: Wreckboy"",""YV"",""Driller"",""david \""Vyrenn\"" wet dreamer"",""Pimp Named SlickBack""]","[""Titanic Crayfish"",""naehero"",""rubycharity"",""Vivian"",""eshshah""]",team2,2025-06-07 04:08:48.032864+00,2025-06-07 06:38:10.211654+00,Quixxy#qte
70,9OUIQ4,Chinese Tariffs,Shaved bootyhole,"[""eshshah"",""TSM Meat Shark#NA1"",""Vizinachi"",""david \""Vyrenn\"" wet dreamer"",""institutional""]","[""Ign: Wreckboy"",""Zylith"",""S I L E N T"",""Tsawwassen"",""Price""]",team2,2025-06-07 06:35:14.495726+00,2025-06-07 07:19:52.759882+00,S I L E N T
71,BPPY8V,Silent is _____,Wuss Squad,"[""TSM Meat Shark#NA1"",""CuteDistraction"",""Tsawwassen"",""Vizinachi"",""Zylith""]","[""eshshah"",""Ign: Wreckboy"",""Price"",""david \""Vyrenn\"" wet dreamer"",""KoEz""]",,2025-06-07 07:24:53.591951+00,,
72,X3TRH1,We are racist,David's Coochies,"[""Ign: Wreckboy"",""KoEz"",""CuteDistraction"",""Price"",""way""]","[""eshshah"",""Tsawwassen"",""TSM Meat Shark#NA1"",""Zylith"",""Vizinachi""]",,2025-06-07 07:29:12.595992+00,,
73,UTBIFD,Dried peen,My name is Ross,"[""david \""Vyrenn\"" wet dreamer"",""Tsawwassen"",""eshshah"",""Zylith"",""way""]","[""CuteDistraction"",""Price"",""KoEz"",""TSM Meat Shark#NA1"",""Vizinachi""]",,2025-06-07 07:34:15.924631+00,,
74,3TZCCM,Marc Carney's butt,Autotune's cousin,"[""Matthias H"",""KoEz"",""Beau"",""CuteDistraction"",""Price""]","[""Vizinachi"",""Zylith"",""way"",""TSM Meat Shark#NA1"",""eshshah""]",,2025-06-07 08:31:06.342611+00,,
75,70QU9A,Wuss Squad,Dried peen,"[""Retribution"",""David"",""Zylith"",""Matthias H"",""S I L E N T""]","[""way"",""TSM Meat Shark#NA1"",""Vizinachi"",""Beau"",""eshshah""]",team2,2025-06-07 09:14:03.025319+00,2025-06-07 10:12:57.130215+00,TSM Meat Shark#NA1
76,TEFL0Z,Masala Party,Chinese Tariffs,"[""Beau"",""Vizinachi"",""CuteDistraction"",""Zeitoun (Nabil) (He/Him)"",""RipSR""]","[""David"",""S I L E N T"",""TSM Meat Shark#NA1"",""a√§, √∂ÁéÑÁ±≥„Å£„Å¶ÁæéÂë≥„Åó„ÅÑÔºÅ"",""Quixxy#qte""]",team1,2025-06-08 07:32:54.710919+00,2025-06-08 08:10:58.896501+00,Quixxy#qte
77,0XYTAZ,We are racist,David's Coochies,"[""way"",""S I L E N T"",""Zeitoun (Nabil) (He/Him)"",""Vizinachi"",""CuteDistraction""]","[""4444"",""TSM Meat Shark#NA1"",""David"",""Beau"",""a√§, √∂ÁéÑÁ±≥„Å£„Å¶ÁæéÂë≥„Åó„ÅÑÔºÅ""]",team1,2025-06-08 08:10:17.016478+00,2025-06-08 08:51:45.779169+00,S I L E N T
78,312341,Autotune's cousin,RIP Solace,"[""Zeitoun (Nabil) (He/Him)"",""Titanic Crayfish"",""luvgramy"",""4444"",""King Bowser""]","[""Quixxy#qte"",""Tsawwassen"",""Biiipu"",""vvicked_sin"",""Vizinachi""]",team2,2025-06-08 21:31:10.357239+00,2025-06-08 22:12:21.537407+00,Titanic Crayfish
79,PTO2XN,David's Coochies,Driller Drug overdose,"[""Beau"",""King Bowser"",""Tsawwassen"",""Quixxy#qte"",""vvicked_sin""]","[""luvgramy"",""4444"",""Zeitoun (Nabil) (He/Him)"",""Dreamer Broskie Driller"",""Vizinachi""]",team2,2025-06-08 22:12:50.935225+00,2025-06-08 22:59:32.405357+00,4444
80,YPYQDO,Dried peen,My name is Ross,"[""Vizinachi"",""YV"",""Beau"",""Ign: Wreckboy"",""David""]","[""TSM Meat Shark#NA1"",""S I L E N T"",""Zeitoun (Nabil) (He/Him)"",""Retribution"",""Dreamer Broskie Driller""]",,2025-06-09 06:52:24.306871+00,,
81,XTVAOC,Autotune's cousin,RIP Solace,"[""Vizinachi"",""Beau"",""Zeitoun (Nabil) (He/Him)"",""TSM Meat Shark#NA1"",""Retro""]","[""David"",""YV"",""Dreamer Broskie Driller"",""S I L E N T"",""Ign: Wreckboy""]",team2,2025-06-09 06:58:23.208066+00,2025-06-09 09:25:20.948288+00,S I L E N T
82,2U8V6A,RIP Solace,Silent is _____,"[""Matthias H"",""Vizinachi"",""Zeitoun (Nabil) (He/Him)"",""Retro"",""David""]","[""Dreamer Broskie Driller"",""YV"",""TSM Meat Shark#NA1"",""Beau"",""S I L E N T""]",,2025-06-09 07:40:47.201311+00,,
83,0I8OEZ,Wuss Squad,Dried peen,"[""David"",""Vizinachi"",""Zeitoun (Nabil) (He/Him)"",""Retro"",""TSM Meat Shark#NA1""]","[""Matthias H"",""YV"",""S I L E N T"",""Ign: Wreckboy"",""Dreamer Broskie Driller""]",,2025-06-09 07:41:52.575003+00,,
84,1LXVT1,Chinese Tariffs,Shaved bootyhole,"[""S I L E N T"",""Matthias H"",""YV"",""TSM Meat Shark#NA1"",""jiffy""]","[""Vizinachi"",""Retro"",""Zeitoun (Nabil) (He/Him)"",""RipSR"",""Ign: Wreckboy""]",team2,2025-06-09 07:54:57.989416+00,2025-06-09 08:34:24.094282+00,Ign: Wreckboy
85,MVBGMN,Austin's Python,Twasen and bumble,"[""S I L E N T"",""Retribution"",""TSM Meat Shark#NA1"",""David"",""Vizinachi""]","[""Matthias H"",""YV"",""Zeitoun (Nabil) (He/Him)"",""Retro"",""RipSR""]",team2,2025-06-09 08:33:08.607961+00,2025-06-09 09:25:23.918263+00,S I L E N T
86,MNY2C0,We are racist,David's Coochies,"[""Vizinachi"",""Retro"",""Retribution"",""Zeitoun (Nabil) (He/Him)"",""Beau""]","[""David"",""Sable"",""S I L E N T"",""YV"",""4444""]",team1,2025-06-10 06:10:28.239994+00,2025-06-10 06:43:51.75076+00,S I L E N T
87,XB6BNK,We are racist,David's Coochies,"[""David"",""S I L E N T"",""RipSR"",""Retro"",""Dreamer Broskie Driller""]","[""Vizinachi"",""Retribution"",""Ign: Wreckboy"",""Beau"",""Zeitoun (Nabil) (He/Him)""]",team2,2025-06-10 06:41:07.457408+00,2025-06-10 07:16:30.263743+00,S I L E N T
88,LOSEIO,Twasen and bumble,Marc Carney's butt,"[""S I L E N T"",""Vizinachi"",""David"",""Beau"",""Ign: Wreckboy""]","[""Zeitoun (Nabil) (He/Him)"",""Retribution"",""RipSR"",""Retro"",""Dreamer Broskie Driller""]",team2,2025-06-10 07:18:47.593232+00,2025-06-10 08:07:00.957713+00,S I L E N T
89,RO0HWL,Silent is _____,Wuss Squad,"[""Vizinachi"",""Dreamer Broskie Driller"",""TSM Meat Shark#NA1"",""Rhapthorn2"",""Zeitoun (Nabil) (He/Him)""]","[""Ign: Wreckboy"",""CuteDistraction"",""S I L E N T"",""Matthias H"",""luvgramy""]",team1,2025-06-11 06:40:09.053319+00,2025-06-11 07:13:15.42735+00,TSM Meat Shark#NA1
90,XWXXGM,We are racist,David's Coochies,"[""Retribution"",""luvgramy"",""Zeitoun (Nabil) (He/Him)"",""Matthias H"",""Rhapthorn2""]","[""David"",""S I L E N T"",""Vizinachi"",""CuteDistraction"",""TSM Meat Shark#NA1""]",,2025-06-11 07:11:18.923108+00,,
91,4NEHX6,Autotune's cousin,RIP Solace,"[""Retro"",""4444"",""Vizinachi"",""David"",""CuteDistraction""]","[""S I L E N T"",""TSM Meat Shark#NA1"",""luvgramy"",""Rhapthorn2"",""Retribution""]",team2,2025-06-11 07:48:56.40241+00,2025-06-11 08:15:05.055702+00,S I L E N T
92,7DRKXK,Masala Party,Chinese Tariffs,"[""Retro"",""luvgramy"",""David"",""Retribution"",""Vizinachi""]","[""CuteDistraction"",""4444"",""TSM Meat Shark#NA1"",""S I L E N T"",""Zeitoun (Nabil) (He/Him)""]",,2025-06-11 08:16:24.27912+00,,
93,MQ357R,Marc Carney's butt,Autotune's cousin,"[""Vizinachi"",""TSM Meat Shark#NA1"",""xtoads6"",""CuteDistraction"",""Retro""]","[""Ign: Wreckboy"",""Flippy bird, Fuckface/otherside"",""luvgramy"",""Caleb"",""S I L E N T""]",team1,2025-06-12 05:11:15.136518+00,2025-06-12 05:52:56.17752+00,TSM Meat Shark#NA1
94,7LNIWB,Dried peen,My name is Ross,"[""David"",""CuteDistraction"",""Vizinachi"",""EV"",""way""]","[""S I L E N T"",""xtoads6"",""TSM Meat Shark#NA1"",""luvgramy"",""Retro""]",team1,2025-06-12 05:53:29.716516+00,2025-06-12 07:05:42.479119+00,S I L E N T
95,K6SZG7,Marc Carney's butt,Autotune's cousin,"[""David"",""S I L E N T"",""xtoads6"",""Vizinachi"",""Retro""]","[""way"",""CuteDistraction"",""TSM Meat Shark#NA1"",""YV"",""Eli""]",team1,2025-06-12 06:35:35.369349+00,2025-06-12 07:05:49.603782+00,S I L E N T
96,XFPW58,Austin's Python,Twasen and bumble,"[""David"",""Eli"",""Vizinachi"",""xtoads6"",""luvgramy""]","[""Zeitoun (Nabil) (He/Him)"",""S I L E N T"",""CuteDistraction"",""Rhapthorn2"",""TSM Meat Shark#NA1""]",team2,2025-06-12 07:04:32.708558+00,2025-06-12 08:38:46.032741+00,S I L E N T
97,NICLZ2,Wuss Squad,Dried peen,"[""David"",""Eli"",""Vizinachi"",""xtoads6"",""luvgramy""]","[""Zeitoun (Nabil) (He/Him)"",""S I L E N T"",""CuteDistraction"",""Rhapthorn2"",""TSM Meat Shark#NA1""]",team1,2025-06-12 07:04:32.851933+00,2025-06-12 08:38:47.25808+00,S I L E N T
98,KBH71N,We are racist,David's Coochies,"[""Vizinachi"",""Eli"",""Zeitoun (Nabil) (He/Him)"",""xtoads6"",""TSM Meat Shark#NA1""]","[""luvgramy"",""S I L E N T"",""David"",""Rhapthorn2"",""Matthias H""]",team2,2025-06-12 07:49:23.806257+00,2025-06-12 08:38:50.203419+00,S I L E N T
99,V2CME2,Marc Carney's butt,Autotune's cousin,"[""4444"",""Zeitoun (Nabil) (He/Him)"",""TSM Meat Shark#NA1"",""Vizinachi"",""Matthias H""]","[""luvgramy"",""xtoads6"",""David"",""S I L E N T"",""Rhapthorn2""]",team2,2025-06-12 08:39:11.66645+00,2025-06-12 09:17:27.514042+00,S I L E N T
100,55X4MX,Wuss Squad,Dried peen,"[""xtoads6"",""Zeitoun (Nabil) (He/Him)"",""David"",""4444"",""Vizinachi""]","[""Matthias H"",""luvgramy"",""S I L E N T"",""Rhapthorn2"",""Retro""]",team1,2025-06-12 09:26:15.605476+00,2025-06-12 10:10:29.826177+00,4444
101,RRMPR2,Shaved bootyhole,We are racist,"[""Retro"",""Vizinachi"",""Ky"",""YV"",""Zeitoun (Nabil) (He/Him)""]","[""Driller"",""Brandon"",""4444"",""EV"",""Matthias H""]",team1,2025-06-13 05:07:07.848846+00,2025-06-13 08:27:33.608742+00,Quixxy#qte
102,HE7CTX,Twasen and bumble,Marc Carney's butt,"[""Vizinachi"",""Retribution"",""Zeitoun (Nabil) (He/Him)"",""Ign: Wreckboy"",""RipSR""]","[""David"",""Rhapthorn2"",""Retro"",""S I L E N T"",""Driller""]",team1,2025-06-13 07:35:10.60038+00,2025-06-13 08:25:34.125008+00,Ign: Wreckboy
103,FXQ4L6,RIP Solace,Silent is _____,"[""S I L E N T"",""Zeitoun (Nabil) (He/Him)"",""David"",""Vizinachi"",""Ign: Wreckboy""]","[""Retro"",""Retribution"",""RipSR"",""Rhapthorn2"",""Driller""]",team2,2025-06-13 08:26:32.891445+00,2025-06-13 10:19:21.650158+00,S I L E N T
104,CGBMK6,Twasen and bumble,Marc Carney's butt,"[""Zeitoun (Nabil) (He/Him)"",""S I L E N T"",""Retribution"",""David"",""Driller""]","[""Vizinachi"",""Ign: Wreckboy"",""Quixxy#qte"",""Retro"",""YV""]",team1,2025-06-13 09:12:03.973051+00,2025-06-13 10:19:13.195315+00,Quixxy#qte
105,U84Z19,Twasen and bumble,Marc Carney's butt,"[""Vizinachi"",""David"",""CyaNoobK0"",""EV"",""Ign: Wreckboy""]","[""Zylith"",""luvgramy"",""tozaki"",""Titanic Crayfish"",""S I L E N T""]",team2,2025-06-14 03:20:35.925666+00,2025-06-14 04:01:58.733981+00,Titanic Crayfish
106,4SFNOE,RIP Solace,Silent is _____,"[""Titanic Crayfish"",""Zylith"",""S I L E N T"",""CyaNoobK0"",""EV""]","[""David"",""Vizinachi"",""luvgramy"",""Ahmad ShƒÅh Massoud"",""Ky""]",team2,2025-06-14 04:00:10.083881+00,2025-06-14 04:39:49.991593+00,Titanic Crayfish
107,056PZL,Shaved bootyhole,We are racist,"[""Beau"",""Retro"",""Vizinachi"",""Driller"",""luvgramy""]","[""Zylith"",""tozaki im a mod"",""David"",""4444"",""Ahmad ShƒÅh Massoud""]",team1,2025-06-14 04:38:38.330244+00,2025-06-14 05:06:41.284594+00,S I L E N T
108,BL874X,Twasen and bumble,Marc Carney's butt,"[""Ign: Wreckboy"",""tozaki im a mod"",""Retro"",""4444"",""Beau""]","[""Zylith"",""Ahmad ShƒÅh Massoud"",""luvgramy"",""S I L E N T"",""Vizinachi""]",team2,2025-06-14 05:06:02.791016+00,2025-06-14 05:51:23.354205+00,S I L E N T
109,ZJ5FKU,Dried peen,My name is Ross,"[""luvgramy"",""Zeitoun (Nabil) (He/Him)"",""YV"",""Matthias H"",""Retro""]","[""Vizinachi"",""Ign: Wreckboy"",""TSM Meat Shark#NA1"",""S I L E N T"",""panda""]",team2,2025-06-15 07:15:59.020539+00,2025-06-15 08:07:29.318136+00,S I L E N T
110,1QTIM2,Marc Carney's butt,Autotune's cousin,"[""Beau"",""TSM Meat Shark#NA1"",""CuteDistraction"",""luvgramy"",""Retro""]","[""Vizinachi"",""Matthias H"",""Zeitoun (Nabil) (He/Him)"",""Ign: Wreckboy"",""panda""]",,2025-06-15 08:08:59.496864+00,,
111,XYMG90,We are racist,David's Coochies,"[""Beau"",""TSM Meat Shark#NA1"",""CuteDistraction"",""luvgramy"",""Retro""]","[""Vizinachi"",""Matthias H"",""Zeitoun (Nabil) (He/Him)"",""Ign: Wreckboy"",""panda""]",team1,2025-06-15 08:08:59.613457+00,2025-06-15 09:08:59.315793+00,TSM Meat Shark#NA1
112,DURYRQ,Wuss Squad,Dried peen,"[""4444"",""Retro"",""Zeitoun (Nabil) (He/Him)"",""Beau"",""Sable""]","[""Vizinachi"",""CuteDistraction"",""panda"",""TSM Meat Shark#NA1"",""S I L E N T""]",team2,2025-06-15 09:08:20.08602+00,2025-06-15 10:09:35.215007+00,TSM Meat Shark#NA1
113,DV5P5W,Marc Carney's butt,Autotune's cousin,"[""Vizinachi"",""david \""Vyrenn\"" wet dreamer"",""Brandon"",""xtoads6"",""Ky""]","[""luvgramy"",""RipSR"",""Retro"",""ridn | ‰∏ÉÂñúÈõ∂Á≥ñ#zzzz"",""Titanic Crayfish""]",team2,2025-06-16 02:01:09.291198+00,2025-06-16 03:01:13.654151+00,Titanic Crayfish
114,8UGQNI,RIP Solace,Silent is _____,"[""xtoads6"",""Vizinachi"",""tozaki im a mod"",""panda"",""Vyrenn""]","[""RipSR"",""Retribution"",""luvgramy"",""ign: AsahiKen"",""Ahmad ShƒÅh Massoud""]",team2,2025-06-16 03:11:07.586647+00,2025-06-16 03:50:38.917658+00,ign: AsahiKen
115,NR6S3R,Marc Carney's butt,Autotune's cousin,"[""Vizinachi"",""xtoads6"",""variableman#000"",""Retribution"",""Player2""]","[""S I L E N T"",""TSM Meat Shark#NA1"",""4444"",""Alex?"",""isaku""]",,2025-06-17 05:02:31.768669+00,,
116,6CW3J1,Wuss Squad,Dried peen,"[""TSM Meat Shark#NA1"",""evangelist"",""Vizinachi"",""Player2"",""S I L E N T""]","[""Alex?"",""xtoads6"",""Retribution"",""4444"",""isaku""]",team1,2025-06-17 05:03:57.853209+00,2025-06-17 06:28:11.725762+00,S I L E N T
117,2R8C48,Wuss Squad,Dried peen,"[""variableman#000"",""Retro"",""S I L E N T"",""CuteDistraction"",""xtoads6""]","[""Vizinachi"",""Retribution"",""EV"",""TSM Meat Shark#NA1"",""evangelist""]",team2,2025-06-17 05:45:29.253172+00,2025-06-17 06:27:54.808992+00,S I L E N T
118,WOVJK7,Silent is _____,Wuss Squad,"[""David"",""variableman#000"",""Retro"",""Vizinachi"",""evangelist""]","[""4444"",""xtoads6"",""S I L E N T"",""CuteDistraction"",""Retribution""]",team1,2025-06-17 06:27:47.329068+00,2025-06-17 07:16:09.89407+00,S I L E N T
119,QXW6PW,Wuss Squad,Dried peen,"[""S I L E N T"",""CuteDistraction"",""Retro"",""David"",""RipSR""]","[""TSM Meat Shark#NA1"",""4444"",""xtoads6"",""variableman#000"",""Retribution""]",team2,2025-06-17 07:09:51.90111+00,2025-06-17 08:03:39.518398+00,S I L E N T
120,6XML55,David's Coochies,Driller Drug overdose,"[""David"",""CuteDistraction"",""4444"",""variableman#000"",""TSM Meat Shark#NA1""]","[""RipSR"",""Retro"",""S I L E N T"",""Ockmand Abhar Jakeem"",""Ign: Wreckboy""]",team2,2025-06-17 08:05:44.621236+00,2025-06-17 08:52:28.888976+00,Ign: Wreckboy
121,XXCDB3,We are racist,David's Coochies,"[""David"",""ridn | ‰∏ÉÂñúÈõ∂Á≥ñ#zzzz"",""lucy"",""tozaki im a mod"",""Taliatt""]","[""RipSR"",""TSM Meat Shark#NA1"",""Ockmand Abhar Jakeem"",""nikola"",""Titanic Crayfish""]",team1,2025-06-17 23:12:25.427756+00,2025-06-17 23:51:00.093232+00,TSM Meat Shark#NA1
122,5V5INA,David's Coochies,Driller Drug overdose,"[""luvgramy"",""ridn | ‰∏ÉÂñúÈõ∂Á≥ñ#zzzz"",""lucy"",""David"",""Taliatt""]","[""Titanic Crayfish"",""RipSR"",""tozaki im a mod"",""Ockmand Abhar Jakeem"",""nikola""]",,2025-06-17 23:52:18.658271+00,,
123,5O0D8Q,Chinese Tariffs,Shaved bootyhole,"[""Titanic Crayfish"",""luvgramy"",""lucy"",""tozaki im a mod"",""VanceTecs""]","[""David"",""ridn | ‰∏ÉÂñúÈõ∂Á≥ñ#zzzz"",""Yisrael"",""pluto"",""„É°""]",team2,2025-06-18 00:15:16.086546+00,2025-06-18 01:14:54.896743+00,Titanic Crayfish
124,AOOGA4,Austin's Python,Twasen and bumble,"[""way"",""luvgramy"",""ridn | ‰∏ÉÂñúÈõ∂Á≥ñ#zzzz"",""„É°"",""Brandon""]","[""tozaki im a mod"",""4444"",""VanceTecs"",""Wesker Exploiter"",""Yisrael""]",team2,2025-06-18 01:14:47.763158+00,2025-06-18 02:21:58.688309+00,4444
125,O6BKDI,Austin's Python,Twasen and bumble,"[""Vyrenn"",""Retribution"",""Vizinachi"",""variableman#000"",""Ign: Wreckboy""]","[""Zeitoun (Nabil) (He/Him)"",""Beau"",""TSM Meat Shark#NA1"",""S I L E N T"",""Wesker Exploiter""]",team2,2025-06-19 04:44:16.168368+00,2025-06-19 05:23:23.481031+00,TSM Meat Shark#NA1
126,Z3RIHH,Autotune's cousin,RIP Solace,"[""tozaki im a mod"",""Retribution"",""Vyrenn"",""variableman#000"",""Vizinachi""]","[""S I L E N T"",""Beau"",""TSM Meat Shark#NA1"",""Flora Aine"",""EV""]",team1,2025-06-19 05:22:49.713113+00,2025-06-19 06:05:29.063643+00,S I L E N T
127,SBOHI2,Driller Drug overdose,Austin's Python,"[""Wesker Exploiter"",""CuteDistraction"",""variableman#000"",""Vizinachi"",""Unfortunate Retribution""]","[""4444"",""tozaki im a mod"",""Vyrenn"",""Beau"",""TSM Meat Shark#NA1""]",team1,2025-06-19 06:05:07.682965+00,2025-06-19 08:50:24.806079+00,4444
128,BMT2YV,Driller Drug overdose,Austin's Python,"[""David"",""Retro"",""way"",""Wisu"",""tozaki im a mod""]","[""S I L E N T"",""TSM Meat Shark#NA1"",""CuteDistraction"",""D4 stuck"",""Beau""]",,2025-06-19 06:42:39.725821+00,,
129,BTB2QB,Driller Drug overdose,Austin's Python,"[""S I L E N T"",""variableman#000"",""Wisu"",""David"",""Zeitoun (Nabil) (He/Him)""]","[""Beau"",""way"",""Retro"",""Wesker Exploiter"",""4444""]",team2,2025-06-19 07:20:48.116431+00,2025-06-19 08:50:13.435614+00,4444
130,34X6E6,Wuss Squad,Dried peen,"[""S I L E N T"",""CuteDistraction"",""Wisu"",""TSM Meat Shark#NA1"",""variableman#000""]","[""David"",""Wesker Exploiter"",""Beau"",""Retro"",""Zeitoun (Nabil) (He/Him)""]",team2,2025-06-19 07:59:28.299896+00,2025-06-19 10:14:59.528157+00,S I L E N T
131,EKOMP1,Chinese Tariffs,Shaved bootyhole,"[""S I L E N T"",""Retro"",""4444"",""TSM Meat Shark#NA1"",""CuteDistraction""]","[""Wisu"",""Beau"",""Zeitoun (Nabil) (He/Him)"",""David"",""variableman#000""]",team1,2025-06-19 08:48:14.660817+00,2025-06-19 10:14:55.759209+00,S I L E N T
132,8OXC14,Twasen and bumble,Marc Carney's butt,"[""Retro"",""David"",""4444"",""Ign: Wreckboy"",""S I L E N T""]","[""Wisu"",""Beau"",""Brandon"",""YV"",""Sable""]",team1,2025-06-19 09:32:20.368622+00,2025-06-19 10:14:33.752659+00,Ign: Wreckboy
133,2LM2FT,My name is Ross,Masala Party,"[""Retribution"",""Beau"",""David"",""Retro"",""TSM Meat Shark#NA1""]","[""Luvgramy"",""Brandon"",""CuteDistraction"",""4444"",""ridn | ‰∏ÉÂñúÈõ∂Á≥ñ#zzzz""]",team1,2025-06-20 07:11:32.14205+00,2025-06-20 08:00:15.917916+00,4444
134,2L1J35,RIP Solace,Silent is _____,"[""TSM Meat Shark#NA1"",""Luvgramy"",""Retro"",""Beau"",""Brandon""]","[""CuteDistraction"",""David"",""ridn | ‰∏ÉÂñúÈõ∂Á≥ñ#zzzz"",""4444"",""S I L E N T""]",team1,2025-06-20 07:58:41.517848+00,2025-06-20 21:43:59.861883+00,TSM Meat Shark#NA1
135,XXPVBD,Wuss Squad,Dried peen,"[""S I L E N T"",""TSM Meat Shark#NA1"",""Luvgramy"",""Retro"",""David""]","[""4444"",""CuteDistraction"",""Beau"",""Brandon"",""Sable""]",team1,2025-06-20 08:45:11.428289+00,2025-06-20 21:43:10.144165+00,TSM Meat Shark#NA1
136,4K286M,RIP Solace,Silent is _____,"[""Vizinachi"",""Beau"",""4444"",""TSM Meat Shark#NA1"",""SafeLight""]","[""Zeitoun (Nabil) (He/Him)"",""Ign: Wreckboy"",""Tsawwassen"",""Brandon"",""ridn | ‰∏ÉÂñúÈõ∂Á≥ñ#zzzz""]",,2025-06-20 21:41:15.709867+00,,
137,P6NOOS,Autotune's cousin,RIP Solace,"[""Vizinachi"",""Brandon"",""Beau"",""Tsawwassen"",""SafeLight""]","[""ridn | ‰∏ÉÂñúÈõ∂Á≥ñ#zzzz"",""TSM Meat Shark#NA1"",""Zeitoun (Nabil) (He/Him)"",""Recursive Grey"",""4444""]",team2,2025-06-20 21:43:04.930197+00,2025-06-20 23:13:32.291293+00,TSM Meat Shark#NA1
138,L732VD,David's Coochies,Driller Drug overdose,"[""Luvgramy"",""Ign: Wreckboy"",""Vizinachi"",""Beau"",""Recursive Grey""]","[""Tsawwassen"",""Zeitoun (Nabil) (He/Him)"",""ridn | ‰∏ÉÂñúÈõ∂Á≥ñ#zzzz"",""4444"",""TSM Meat Shark#NA1""]",team2,2025-06-20 22:27:35.039854+00,2025-06-20 23:13:36.816887+00,TSM Meat Shark#NA1
139,RQBZRU,Twasen and bumble,Marc Carney's butt,"[""S I L E N T"",""David"",""TSM Meat Shark#NA1"",""variableman#000"",""CuteDistraction""]","[""Vizinachi"",""Brandon"",""Luvdog"",""Rhapthorn2"",""President Rakan""]",team2,2025-06-27 07:43:33.893293+00,2025-06-27 09:57:04.409473+00,S I L E N T
140,UQ6TNN,Autotune's cousin,RIP Solace,"[""Luvdog"",""David"",""variableman#000"",""Rhapthorn2"",""Brandon""]","[""Vizinachi"",""TSM Meat Shark#NA1"",""S I L E N T"",""CuteDistraction"",""4444""]",team1,2025-06-27 08:25:56.167922+00,2025-06-27 09:56:59.575336+00,S I L E N T
141,270QFF,Driller Drug overdose,Austin's Python,"[""Retribution"",""S I L E N T"",""4444"",""TSM Meat Shark#NA1"",""CuteDistraction""]","[""David"",""Luvdog"",""Rhapthorn2"",""variableman#000"",""Brian""]",team1,2025-06-27 09:04:36.715486+00,2025-06-27 09:56:31.673719+00,S I L E N T
142,93AUPK,Silent is _____,Wuss Squad,"[""TSM Meat Shark#NA1"",""Quixxy"",""Zeitoun (Nabil) (He/Him)"",""Luvhog"",""Vizinachi""]","[""S I L E N T"",""Retribution"",""Giovanni Reyes"",""Sable"",""CuteDistraction""]",,2025-06-28 06:11:58.070727+00,,
143,0MJ17M,Driller Drug overdose,Austin's Python,"[""Luvhog"",""Sable"",""Zeitoun (Nabil) (He/Him)"",""Vizinachi"",""Quixxy""]","[""CuteDistraction"",""TSM Meat Shark#NA1"",""S I L E N T"",""Giovanni Reyes"",""Retribution""]",team1,2025-06-28 06:13:22.891188+00,2025-06-28 07:40:44.978098+00,S I L E N T
144,BSSG63,We are racist,David's Coochies,"[""S I L E N T"",""Luvhog"",""CuteDistraction"",""Retribution"",""Zeitoun (Nabil) (He/Him)""]","[""TSM Meat Shark#NA1"",""Vizinachi"",""Quixxy"",""Brian"",""David""]",team1,2025-06-28 06:43:48.931086+00,2025-06-28 07:40:49.42289+00,S I L E N T
145,TLMOJ2,Austin's Python,Twasen and bumble,"[""variableman#000"",""Vizinachi"",""CuteDistraction"",""Brian"",""TSM Meat Shark#NA1""]","[""David"",""Retribution"",""S I L E N T"",""Quixxy"",""SafeLight""]",team1,2025-06-28 07:36:08.239714+00,2025-06-28 08:35:42.392842+00,TSM Meat Shark#NA1
146,GLLNWW,Twasen and bumble,Marc Carney's butt,"[""Matthias H"",""variableman#000"",""S I L E N T"",""Quixxy"",""TSM Meat Shark#NA1""]","[""Retro"",""Brian"",""CuteDistraction"",""SafeLight"",""Quinn Wuest""]",team2,2025-06-28 08:22:00.853794+00,2025-06-28 10:19:54.427036+00,S I L E N T
147,ICIHYQ,Wuss Squad,Dried peen,"[""kynxsolarsun"",""Luvhog"",""Matthias H"",""Quinn Wuest"",""Quixxy""]","[""Brian"",""S I L E N T"",""TSM Meat Shark#NA1"",""SafeLight"",""CuteDistraction""]",team1,2025-06-28 09:22:18.776025+00,2025-06-28 10:19:56.118188+00,S I L E N T
148,WUFSNT,Shaved bootyhole,We are racist,"[""4444"",""Brandon"",""Zeitoun (Nabil) (He/Him)"",""Luvhog"",""TSM Meat Shark#NA1""]","[""Retro"",""Beau"",""Retribution"",""variableman#000"",""Sable""]",,2025-06-30 08:42:41.280485+00,,
149,2DBBFX,Marc Carney's butt,Autotune's cousin,"[""Beau"",""Retro"",""Luvhog"",""Brandon"",""Zeitoun (Nabil) (He/Him)""]","[""TSM Meat Shark#NA1"",""variableman#000"",""Brian"",""David"",""4444""]",team2,2025-06-30 08:46:09.734233+00,2025-06-30 09:32:33.655344+00,4444
150,J6R2OM,Autotune's cousin,RIP Solace,"[""variableman#000"",""Luvhog"",""Retro"",""4444"",""TSM Meat Shark#NA1""]","[""Zeitoun (Nabil) (He/Him)"",""Beau"",""Brian"",""Brandon"",""Ign: Wreckboy""]",team2,2025-06-30 09:37:59.946454+00,2025-06-30 10:25:10.188669+00,Ign: Wreckboy